number of vertices,number equations (full),time (full),num equations (closed),time (closed)
4,36,0.357680,36,0.141996
4,36,0.131629,36,0.134333
4,36,0.142711,36,0.133247
4,36,0.148202,36,0.132429
4,36,0.133065,36,0.141103
4,36,0.135959,36,0.146702
4,36,0.160272,36,0.149791
4,36,0.145075,36,0.143381
4,36,0.157800,36,0.135742
4,36,0.130928,36,0.129271
