number of vertices,number equations (full),time (full),num equations (closed),time (closed)
5,36,0.344182,22,0.274028
5,36,0.153520,22,0.132209
5,36,0.167287,22,0.142505
5,36,0.193535,22,0.116560
5,36,0.138339,22,0.99774
5,36,0.127755,22,0.96780
5,36,0.140806,22,0.95063
5,36,0.146076,22,0.88378
5,36,0.133697,22,0.94729
5,36,0.133913,22,0.97537
